,T,G,Gs,w,Xav_w,my_w,my_w_err,Xav_w_err,my_G,my_G_err,my_Gs,my_Gs_err
0,1e-05,3.383,3.931,0.5493152034683217,0.3333333333333326,0.3335728144922261,0.6467625046258784,0.0007179276862175961,3.383,0.0,3.931,0.0
1,1.1220184543e-05,3.383,3.931,0.5493152034683217,0.3333333333663161,0.3335728144922261,0.6467625046258784,0.000717927587338121,3.383,0.0,3.931,0.0
2,1.25892541179e-05,3.383000000000014,3.9310000000000143,0.5493152034683209,0.3333333333333312,0.3335728144922261,0.6467625046258757,0.0007179276862217565,3.383000000000014,0.0,3.9310000000000143,0.0
3,1.41253754462e-05,3.3830000000010454,3.9310000000010046,0.5493152034682391,0.333333333300255,0.3335728144922261,0.6467625046256308,0.0007179277853791428,3.3830000000010454,0.0,3.9310000000010046,0.0
4,1.58489319246e-05,3.3830000000462106,3.931000000043893,0.5493152034644584,0.3333333333288168,0.3335728144922261,0.6467625046142966,0.0007179276997552001,3.3830000000462106,0.0,3.931000000043893,0.0
5,1.77827941003e-05,3.383000001309196,3.931000001231443,0.5493152033540942,0.3333333265325655,0.3335728144922261,0.6467625042834418,0.0007179480738715675,3.383000001309196,0.0,3.9310000012314443,3.3891315928080265e-16
6,1.99526231496e-05,3.3830000249611567,3.93100002328939,0.5493152012158302,0.3333333314017718,0.3335728144922261,0.6467624978732552,0.0007179334767398338,3.3830000249611567,0.0,3.9310000232894047,3.7280447311697084e-15
7,2.23872113856e-05,3.383000334546093,3.931000310108284,0.5493151724781873,0.3333329878277749,0.3335728144922261,0.646762411722221,0.0007189634587467378,3.383000334546093,0.0,3.9310003101084763,4.891646214593426e-14
8,2.5118864315e-05,3.383003277011086,3.9310030222854215,0.5493148938590442,0.3333331219433518,0.3335728144922261,0.646761576464877,0.0007185614008718296,3.383003277011086,0.0,3.9310030222872285,4.596788617650347e-13
9,2.81838293126e-05,3.3830242894632105,3.931022318756851,0.5493128760560739,0.3333267295885311,0.3335728144922261,0.646755527401876,0.0007377246975883956,3.383024289463209,3.9380965537246595e-16,3.931022318769673,3.2616817273130984e-12
10,3.16227766016e-05,3.383140523747228,3.931128810259982,0.549301615926097,0.3333254965710227,0.3335728144922261,0.6467217712638226,0.0007414210944614605,3.383140523747223,1.4439191260491899e-15,3.9311288103307973,1.8013999794413173e-11
11,3.54813389233e-05,3.383652395660749,3.931597274902856,0.5492518399919173,0.3332666499386821,0.3335728144922261,0.646572550667847,0.0009178342486033772,3.3836523956607363,3.806120008712353e-15,3.9315972752156823,7.95672057646951e-11
12,3.98107170553e-05,3.3854915166094757,3.9332806537974703,0.5490732082281109,0.3332104043861015,0.3335728144922261,0.6460370401104946,0.0010864497656269132,3.3854915166094415,1.010041495915514e-14,3.9332806549298693,2.8790192278522267e-10
13,4.4668359215e-05,3.391002753533561,3.9383313425187967,0.5485414900415113,0.3328741347570393,0.3335728144922261,0.644443030756318,0.002094534400983276,3.3910027535333978,4.8193658661744135e-14,3.938331345951323,8.715686826995397e-10
14,5.01187233627e-05,3.405053215364733,3.951235229496242,0.5472044946481127,0.332363521321632,0.3335728144922261,0.64043492417415,0.003625274956638522,3.4050532153646342,2.895338144551039e-14,3.9512352383792786,2.248166963659871e-09
15,5.6234132519e-05,3.436078153980095,3.979807701619336,0.5443217619131375,0.3310700753308097,0.3335728144922261,0.6317929347501516,0.007502827127043167,3.4360781539798615,6.798184264539345e-14,3.9798077215846352,5.016649192220912e-09
16,6.3095734448e-05,3.4963825825892685,4.035513074193727,0.5389288705757906,0.3289722310096122,0.3335728144922261,0.6156258758561105,0.013791841789076912,3.496382582589056,6.07126472272784e-14,4.035513113769735,9.806933376896534e-09
17,7.07945784384e-05,3.6010903472537885,4.132501945753478,0.530092850500107,0.3257364718160722,0.3335728144922261,0.5891368464994045,0.023492150246364075,3.601090347253566,6.178370234575376e-14,4.132502015892379,1.6972502527457236e-08
18,7.94328234724e-05,3.765657838408739,4.28523625758528,0.5173041706469717,0.321166674984579,0.3335728144922261,0.5507983509820085,0.03719169838984645,3.7656578384081247,1.630990927955021e-13,4.285236370083279,2.625246069176382e-08
19,8.91250938133e-05,4.002559245530132,4.505265710595452,0.5007950111341786,0.3161856357591942,0.3335728144922261,0.5013064295917005,0.05212408798810289,4.0025592455281265,5.010561365015502e-13,4.5052658756785595,3.6642256359476747e-08
20,0.0001,4.318172076279684,4.798204895389473,0.4815543276584324,0.3106719107711562,0.3335728144922261,0.4436258194225688,0.06865338758474757,4.318172076279684,0.0,4.7982051191803645,4.664054287743381e-08
21,0.0001122018454301,4.710833095873955,5.161939892594667,0.4610126029486714,0.306127145078429,0.3335728144922261,0.38204488771196105,0.0822778962235747,4.71083309587076,6.781768130273401e-13,5.161940175271903,5.476181952656535e-08
22,0.0001258925411794,5.17060172839171,5.586603363776217,0.440606891869792,0.3025252465222295,0.3335728144922261,0.32087170395014414,0.0930758341840838,5.170601728391146,1.0907691718214552e-13,5.586603699052164,6.001427067723397e-08
23,0.0001412537544622,5.68070699314742,6.05619822336854,0.4214658446971646,0.3003847412392087,0.3335728144922261,0.26348978809538703,0.09949273984913065,5.680706993144966,4.3199499227698e-13,6.056198599324226,6.2077833144407e-08
24,0.0001584893192461,6.220181185019796,6.551249675095035,0.4042998599188845,0.2997605561764288,0.3335728144922261,0.21202880556774722,0.10136395067825665,6.220181185019454,5.4974072525104224e-14,6.551250076103921,6.121104842507874e-08
25,0.0001778279410038,6.766934919041448,7.051692012576975,0.3894408811753653,0.3001846638184879,0.3335728144922261,0.16748387235387616,0.10009254118793393,6.7669349190390005,3.6173241711051803e-13,7.0516924216567975,5.801158048309396e-08
26,0.0001995262314968,7.300547038247107,7.539323774761692,0.3769422547403911,0.3017731765146937,0.3335728144922261,0.13001491237882562,0.09533042441105005,7.300547038245114,2.730031548822361e-13,7.539324175823082,5.3195933875159825e-08
27,0.0002238721138568,7.804270196027064,7.999452443599649,0.3666795643359359,0.3038510768746488,0.3335728144922261,0.09924894477418923,0.08910119867777762,7.804270196026424,8.194084086295325e-14,7.9994528231218425,4.744351915307477e-08
28,0.0002511886431509,8.266062691252426,8.421648419106052,0.3584296391425912,0.3065015104640299,0.3335728144922261,0.07451693774327159,0.08115560636859717,8.266062691251541,1.0701899308815743e-13,8.421648767088032,4.1319934950472446e-08
29,0.0002818382931264,8.678726458841282,8.799742907275405,0.3519253773785116,0.3092461943177616,0.3335728144922261,0.0550181612198293,0.0729274662609875,8.678726458840739,6.263190750789989e-14,8.799743217490049,3.525269267970493e-08
30,0.0003162277660168,9.03939190529167,9.131307704175676,0.3468911478186489,0.3121046214564153,0.3335728144922261,0.03992631517858053,0.06435834127697203,9.039391905291321,3.851652236901531e-14,9.13130797387593,2.953577469836946e-08
31,0.0003548133892335,9.348636521572471,9.416865098900852,0.3430643177638348,0.3148355369952066,0.3335728144922261,0.028454067175878603,0.0561714764602202,9.348636521571947,5.6053657280811734e-14,9.41686532819732,2.4349553704294035e-08
32,0.0003981071705534,9.6094886801286,9.65903025935122,0.3402073139541843,0.3174200970428102,0.3335728144922261,0.019889209113330867,0.04842336289905398,9.609488680128097,5.2313812137564185e-14,9.659030450453685,1.9784849668714975e-08
33,0.0004466835921509,9.826493664646383,9.8617216764869,0.3381133376824952,0.3197816050600342,0.3335728144922261,0.0136117902688827,0.0413439250233423,9.826493664646144,2.4404246469095892e-14,9.861721832956096,1.5866316182994162e-08
34,0.0005011872336272,10.004940181888111,10.029511491782594,0.3366078902952312,0.3218910284380953,0.3335728144922261,0.009098690514169096,0.03502019812949423,10.004940181887909,2.0240468809421348e-14,10.029511617884642,1.2573099540558904e-08
35,0.0005623413251903,10.150281881972454,10.16713859368685,0.3355476182054722,0.3237615288544345,0.3335728144922261,0.005920157840956554,0.029412725532584588,10.150281881972354,9.800317288044057e-15,10.167138693892879,9.85587306132697e-09
36,0.0006309573444801,10.267746238738296,10.279175949788044,0.3348175553211634,0.3253682488618548,0.3335728144922261,0.0037315415851022185,0.02459602603665568,10.267746238738162,1.2975268365357603e-14,10.27917602842178,7.649809259967773e-09
37,0.0007079457843841,10.362100831130164,10.369827367767648,0.3343275379852539,0.3267622040766338,0.3335728144922261,0.0022625449684101485,0.02041716266944469,10.362100831130125,3.771421558589807e-15,10.369827428786207,5.884240553990821e-09
38,0.0007943282347242,10.43753941732542,10.442823474805476,0.3340083401229325,0.3279265927222643,0.3335728144922261,0.0013056388643942493,0.0169265045730918,10.43753941732536,5.7864339596511094e-15,10.442823521684694,4.489132525489884e-09
39,0.0008912509381337,10.497651569063024,10.501387929303773,0.3338078979177601,0.3289202702842596,0.3335728144922261,0.0007047439579027815,0.013947612053004821,10.497651569062999,2.3690056378793745e-15,10.501387965001179,3.3993036005434386e-09
40,0.001,10.545445470597215,10.548249394009474,0.3336878526905382,0.3297335705504753,0.3335728144922261,0.0003448668276136804,0.011509462926692589,10.545445470597219,3.3689555255927e-16,10.548249420977584,2.556643140203267e-09
41,0.0011220184543019,10.583400705993697,10.58568036663224,0.3336205328453328,0.3304189318258581,0.3335728144922261,0.00014305228433954712,0.009454855220048257,10.583400705993679,1.6784367225123107e-15,10.585680386862217,1.9110701394430534e-09
42,0.0012589254117941,10.613534703764,10.615549291178212,0.3335864174026142,0.330971600476234,0.3335728144922261,4.077943344635689e-05,0.007798039597296788,10.613534703763989,1.0042027782338804e-15,10.615549306258384,1.4205738528378255e-09
43,0.0014125375446227,10.637472180381776,10.639376853453562,0.3335720708879566,0.3314328413154002,0.3335728144922261,2.2292112462011726e-06,0.006415310492503509,10.637472180381769,6.679620155157948e-16,10.639376864631968,1.0506635772772999e-09
44,0.0015848931924611,10.656511219328454,10.658390821591178,0.3335685075192107,0.3318007930977427,0.3335728144922261,1.2911642760685238e-05,0.005312247633791212,10.656511219328452,1.6669215682693121e-16,10.658390829836005,7.735527036814586e-10
45,0.0017782794100389,10.671682648654034,10.673576285897964,0.3335699267311789,0.3321056040091765,0.3335728144922261,8.65706353070926e-06,0.00439847139606693,10.67168264865403,3.329103568544168e-16,10.67357629195203,5.672012386111889e-10
46,0.0019952623149688,10.68380137487304,10.685719843842143,0.3335727573487863,0.3323468969203272,0.3335728144922261,1.713072448674197e-07,0.0036751123551989947,10.683801374873035,4.987991007333831e-16,10.685719848269935,4.1436529589786394e-10
47,0.0022387211385683,10.693509554187363,10.695447352738167,0.333574950118541,0.3325456546916271,0.3335749505208947,1.2061868113299797e-09,0.0030856508489629855,10.693509554187365,1.6611542079790489e-16,10.695447355965097,3.017105995715796e-10
48,0.0025118864315095,10.701312164438448,10.70325550681126,0.3335754646835764,0.3327021422152214,0.33357546497567125,8.756484783136703e-10,0.0026180665311028605,10.701312164438447,1.6599430164305138e-16,10.703255509155605,2.1903103784042896e-10
49,0.0028183829312644,10.707605866359742,10.70953782784307,0.3335739051919344,0.3328304913971103,0.333573905403419,6.339962574357863e-10,0.00222863357794626,10.70760586635974,1.6589673373961772e-16,10.70953782954144,1.5858475614094562e-10
50,0.0031622776601683,10.712702145927354,10.714605796541544,0.3335702670951745,0.3329311647096939,0.3335702672479286,4.579367592242759e-10,0.0019159457571188857,10.712702145927354,0.0,10.71460579776885,1.1454516197686649e-10
51,0.0035481338923357,10.716845705121276,10.718705871961088,0.3335647654656346,0.3330134694586643,0.33356476557573256,3.300646295245956e-10,0.0016527408586357786,10.716845705121274,1.6575370106815854e-16,10.718705872846012,8.255885966720537e-11
52,0.0039810717055349,10.720228981743697,10.722033103932365,0.3335577218473895,0.3330778604202429,0.3335577219265906,2.37443431599344e-10,0.0014386160919198261,10.720228981743697,0.0,10.722033104569155,5.939080489069516e-11
53,0.0044668359215096,10.72300360942282,10.724742006275296,0.3335494912825789,0.333130371730644,0.33354949133946654,1.7055238495459884e-10,0.0012565439903368376,10.72300360942282,0.0,10.7247420067328,4.265876572266264e-11
54,0.0050118723362727,10.725289904131143,10.726955598594827,0.3335404070787924,0.3331713571270009,0.33354040711969235,1.226236738348133e-10,0.0011064626198618393,10.725289904131143,0.0,10.726955598923828,3.067047528519336e-11
55,0.0056234132519034,10.727187591396246,10.728775275742436,0.3335306741967749,0.3332043257946604,0.33353067422688487,9.027646450388515e-11,0.0009784660225957377,10.727187591396248,1.6559390094240352e-16,10.728775275984685,2.2579360773696158e-11
56,0.0063095734448019,10.728799610105533,10.730301206900428,0.3335199459211924,0.3332293256457426,0.3335199459474758,7.88061409949832e-11,0.0008713730775759401,10.728799610105531,1.6556902020306983e-16,10.73030120711192,1.9709723414099546e-11
57,0.0070794578438413,10.730303787858986,10.731691743023424,0.3335057988033241,0.3332426243455574,0.3335057988437031,1.2107445684668717e-10,0.0007891152089654078,10.730303787858984,1.655458106796701e-16,10.731691743348382,3.0280206158278555e-11
58,0.0079432823472428,10.732145485609315,10.733322071083244,0.3334795091966784,0.3332413851746802,0.33347950930500136,3.2482643967345165e-10,0.0007140592560467034,10.732145485609315,0.0,10.733322071955147,8.123332482640364e-11
59,0.0089125093813374,10.735450865695542,10.73612623803357,0.3334172139697378,0.3331836332264342,0.3334172142891001,9.578459080239951e-10,0.0007005668953354543,10.735450865695544,1.654664402662851e-16,10.736126240604946,2.395068708571724e-10
60,0.01,10.742715276025251,10.742174938930688,0.3332662693331336,0.3330478956045573,0.3332662701830118,2.550147732879345e-09,0.0006552555658711222,10.742715276025253,1.653545489904758e-16,10.74217494577819,6.374409424013411e-10
61,0.0112201845430196,10.758659886088598,10.755415757214402,0.332931284638478,0.3326865930679686,0.3329312866173737,5.943856265558224e-09,0.0007349671215679792,10.758659886088594,3.302189786103668e-16,10.755415773182097,1.4846190104358523e-09
62,0.0125892541179416,10.790920349959867,10.782314557575768,0.3322699958724548,0.3320321729466209,0.3322699999247154,1.2195685988988874e-08,0.0007157642223143133,10.790920349959867,0.0,10.782314590371481,3.0416208446935246e-09
63,0.0141253754462275,10.85008753705443,10.832003404692305,0.3311110308495526,0.3308392301098325,0.33111103822699595,2.2280874000495715e-08,0.0008208971788403194,10.85008753705443,0.0,10.832003464726734,5.542319957624527e-09
64,0.0158489319246111,10.94871981669163,10.915591943120576,0.3292990262331186,0.3290260261942042,0.3292990383052987,3.6660235045195273e-08,0.0008290704780055423,10.948719816691627,3.2448667408442494e-16,10.91559204225176,9.081613061241947e-09
65,0.0177827941003892,11.09931120400493,11.04457072500248,0.3267574923649079,0.3264852709547175,0.32675751029967604,5.488708767128392e-08,0.0008331540557670346,11.09931120400493,0.0,11.04457087430016,1.3517743848609919e-08
66,0.0199526231496888,11.311668726815435,11.228617338770697,0.3235438684246636,0.3232502777113851,0.323543892840243,7.546295860279412e-08,0.0009074970517303897,11.311668726815435,0.0,11.228617545906403,1.8447124507888002e-08
67,0.0223872113856834,11.590474008835642,11.473413058545656,0.3198669930495512,0.3196143607054855,0.31986702377671494,9.606230550135753e-08,0.0007899003412300045,11.590474008835642,0.0,11.473413325652452,2.3280499688037896e-08
68,0.0251188643150958,11.93379985893625,11.779129417456852,0.3160523953468095,0.3157630143668197,0.31605243140097183,1.1407652256466383e-07,0.0009157247513307681,11.933799858936244,5.95403596640707e-16,11.779129740154215,2.7395687905958477e-08
69,0.0281838293126445,12.333030039484123,12.140027998205602,0.3124677346755689,0.3122458269280559,0.31246777444359286,1.2727080114354397e-07,0.0007103052976652249,12.33303003948412,2.880649497671302e-16,12.140028366050775,3.030019056767084e-08
70,0.0316227766016837,12.774168232298628,12.545254882078918,0.3094399733319186,0.3091318990446088,0.30944001488893846,1.3429749832373772e-07,0.00099572075201795,12.774168232298619,6.952925650802267e-16,12.54525528022118,3.173648151248025e-08
71,0.0354813389233575,13.24014912378453,12.98058550049748,0.3071942900481115,0.3066176470431724,0.3071943314869152,1.348944282961993e-07,0.0018772626465842772,13.24014912378452,8.049864798920796e-16,12.980585911989428,3.1700568130076324e-08
72,0.0398107170553497,13.71362005940205,13.430714751257334,0.3058273155282334,0.3051572143204513,0.30582735521092963,1.297552215783223e-07,0.0021912392042763677,13.71362005940205,0.0,13.4307151594024,3.0388930250140263e-08
73,0.0446683592150963,14.179740906525522,13.881709100652602,0.3053091441902849,0.3049228424882102,0.3053091808856845,1.2019094709622243e-07,0.0012654005239983814,14.179740906525518,2.5054856095188183e-16,13.881709490901043,2.811241957034714e-08
74,0.0501187233627272,14.628769768902323,14.323389603159033,0.3054995810249232,0.3055924011475839,0.30549961394070224,1.0774409375600149e-07,0.00030372282859798187,14.628769768902322,1.2142899693290753e-16,14.323389964297046,2.52131663395348e-08
75,0.0562341325190349,15.058494152548947,14.751645841677876,0.3061638782060969,0.3067099265479258,0.30616390694773066,9.387662323167804e-08,0.001783422499531739,15.058494152548949,1.1796377655062985e-16,14.751646166282171,2.2004615063568794e-08
76,0.0630957344480193,15.47683702007783,15.1709148983523,0.3069780669587147,0.3078203924534691,0.306978091450286,7.978279868552824e-08,0.0027438472863120194,15.476837020077825,3.4432555639679107e-16,15.170915182641336,1.8739082748611262e-08
77,0.0707945784384138,15.905013635662604,15.597129460713294,0.3075230924451844,0.3084659836574122,0.3075231128400864,6.631989966902979e-08,0.003066016107270937,15.905013635662604,0.0,15.597129703999189,1.5598119600093184e-08
78,0.0794328234724282,16.38134293099006,16.06124234658278,0.307279255776463,0.3081877290283973,0.30727927237641195,5.40223518579175e-08,0.002956452756997265,16.38134293099006,0.0,16.061242550529872,1.269808929550312e-08
79,0.0891250938133745,16.965753847545788,16.613312852545373,0.3056351048378634,0.3065303793481043,0.3056351180295849,4.316166799807187e-08,0.0029291834141675892,16.96575384754578,4.1880999933456264e-16,16.613313020400987,1.010368092425529e-08
80,0.1,17.747055488603646,17.328288354330457,0.3018714280392711,0.3030610575381616,0.30187143824989926,3.3824426171271474e-08,0.003940814325327217,17.747055488603646,0.0,17.328288490236897,7.84303885270554e-09
81,0.1122018454301963,18.864512528422065,18.320224040674447,0.2948633234367037,0.2968287081168534,0.29486333110143326,2.599417684329425e-08,0.006665382935472787,18.864512528422065,0.0,18.320224149117987,5.919334801096497e-09
82,0.1258925411794168,20.659494050610387,19.885837995394866,0.2834027104232552,0.2850525496506889,0.2834027104232548,1.3711162396381927e-15,0.005821536515900163,20.659494050609847,2.613870784322211e-14,19.88583799539434,2.644100915356207e-14
83,0.1412537544622755,24.201406431174952,23.07364492298726,0.27120132397292,0.2647095110115735,0.2712013239729203,1.023430682749924e-15,0.023937246567406267,24.201406431175187,9.688656048467803e-15,23.073644922987484,9.700286301166332e-15
84,0.1584893192461114,29.30764682383569,27.69120418610635,0.2597942715567007,0.239514431695173,0.2597942715567001,2.3504084977892506e-15,0.07806115100232693,29.307646823835405,9.697711181400316e-15,27.691204186106074,1.0007208970907755e-14
85,0.1778279410038923,34.844864214614134,32.723371147570376,0.2521547296429032,0.2287444033574308,0.2521547296429034,8.8058869742196195e-16,0.09284111513048306,34.84486421461382,8.97230655883355e-15,32.723371147570084,8.90258281605175e-15
86,0.1995262314968879,39.84757015274079,37.36934034442996,0.2504096720306419,0.2320975455185211,0.2504096720306421,8.867253533955356e-16,0.07312867096395624,39.84757015274075,1.0698911873971244e-15,37.36934034442992,9.50702807717624e-16
87,0.2238721138568342,44.00139438417524,41.397250156697346,0.2544223726263106,0.2433516173416426,0.2544223726263106,0.0,0.0435132931525974,44.001394384175086,3.552601094919884e-15,41.3972501566972,3.6044416946733204e-15
88,0.2511886431509582,47.40458305570755,44.871183496214165,0.2620772255566863,0.2564568497247084,0.2620772255566861,6.354365715679215e-16,0.021445495006440603,47.404583055707384,3.4474478771973322e-15,44.871183496214,3.642088674541245e-15
89,0.2818382931264455,50.259708468951104,47.90724653339326,0.2709251736040576,0.266400069702073,0.2709251736040579,1.0244738518168174e-15,0.01670241211545035,50.25970846895107,7.068711273952693e-16,47.907246533393234,5.932653510068244e-16
90,0.3162277660168379,52.739980136946926,50.604155578167706,0.2793369899335509,0.2736064761660692,0.27933698993355094,1.9872467031474384e-16,0.02051469720800285,52.739980136946926,0.0,50.604155578167706,0.0
91,0.3548133892335753,54.964571617050915,53.03845150328232,0.2866094150685949,0.2796984873247277,0.2866094150685945,1.3557756242090164e-15,0.024112703144147634,54.96457161705088,6.463642987255436e-16,53.03845150328228,6.698373685703553e-16
92,0.3981071705534977,57.00860773282782,55.26773736778858,0.292617368165456,0.2850706684885863,0.292617368165456,0.0,0.0257903340604258,57.00860773282782,0.0,55.26773736778858,0.0
93,0.4466835921509635,58.91748296220128,57.333740210180714,0.2974924097818501,0.2897789134160889,0.2974924097818501,0.0,0.025928380396049295,58.91748296220128,0.0,57.333740210180714,0.0
94,0.5011872336272725,60.717883763462446,59.26554854097597,0.3014408027757946,0.2938885911330425,0.30144080277579466,1.8415274481784688e-16,0.025053713940542205,60.717883763462424,3.5107089956963036e-16,59.26554854097595,3.596740871817801e-16
95,0.5623413251903491,62.425061809992776,61.0828061402697,0.3046641710705104,0.2974688395913626,0.30466417107051047,1.82204395863833e-16,0.0236172552022292,62.425061809992776,0.0,61.08280614026971,1.1632450777202666e-16
96,0.6309573444801942,64.04738117211012,62.79844533868815,0.3073330855882918,0.300591958391233,0.3073330855882921,9.03110563657656e-16,0.021934271034162647,64.04738117211012,0.0,62.79844533868815,0.0
97,0.7079457843841388,65.58911289701496,64.42079868940814,0.3095831679780709,0.3033328559014558,0.30958316797807095,1.7930933259003898e-16,0.02018944414012158,65.58911289701496,0.0,64.42079868940814,0.0
98,0.7943282347242822,67.05214988126997,65.95513198469185,0.3115191106520198,0.3057685626454117,0.31151911065201965,5.345850318627757e-16,0.01845969576175238,67.05214988126995,2.119373463843491e-16,65.95513198469183,2.1546245587834377e-16
99,0.8912509381337459,68.43706403031375,67.4047177112781,0.3132205219756674,0.3079778290486806,0.3132205219756674,0.0,0.01673802499886675,68.43706403031376,2.076485149758528e-16,67.40471771127811,2.1082878465677861e-16
100,1.0,69.74376142054093,68.77157117731772,0.3147473891394892,0.3100408861716989,0.3147473891394892,0.0,0.014953270877505117,69.74376142054093,0.0,68.77157117731772,0.0
101,1.1220184543019651,70.97188909856698,70.05694883151644,0.3161445509638358,0.3120244358546805,0.3161445509638361,8.779393961088352e-16,0.013032377425435716,70.97188909856695,4.0046432173915314e-16,70.05694883151642,2.0284718293082423e-16
102,1.2589254117941688,72.12108619929803,71.2616822624254,0.3174451655835617,0.3139387877908438,0.31744516558356173,1.7486847257292856e-16,0.011045617236829399,72.12108619929802,1.9704160688778317e-16,71.26168226242538,1.9941789562123563e-16
103,1.4125375446227555,73.19113595029515,72.38639969899629,0.3186733385885167,0.3157796112641884,0.31867333858851676,1.741945262102267e-16,0.009080544162073271,73.19113595029516,1.941608711313449e-16,72.3863996989963,1.9631940218459365e-16
104,1.584893192461114,74.1820537201361,73.43167083935315,0.3198461021562995,0.3175426348625042,0.3198461021562997,6.942232637136357e-16,0.007201798859721143,74.1820537201361,0.0,73.43167083935315,0.0
105,1.7782794100389228,75.09413354491322,74.39809970294786,0.3209749095948742,0.3192235738723185,0.32097490959487396,6.917818131183217e-16,0.005456301007346556,75.09413354491322,0.0,74.39809970294785,1.9101099049494853e-16
106,1.9952623149688828,75.9279680148347,75.28638272109211,0.322066772661562,0.3208181342612698,0.3220667726615618,5.170774132256488e-16,0.0038769550487100387,75.9279680148347,0.0,75.28638272109211,0.0
107,2.2387211385683425,76.68445197784798,76.09734440291182,0.3231251349342494,0.3223220181202936,0.32312513493424944,1.7179459357921325e-16,0.002485466858278483,76.68445197784797,1.8531598451413762e-16,76.0973444029118,1.8674573766937177e-16
108,2.5118864315095824,77.36477803194728,76.83195986678972,0.3241505470799206,0.3237309291955123,0.32415054707992086,8.562557079006146e-16,0.0012945154286755727,77.3647780319473,1.836863631836922e-16,76.83195986678973,1.8496020067483118e-16
109,2.818382931264455,77.97043054811977,77.49137179122032,0.3251411891485571,0.3250405787387543,0.3251411891485574,8.536468630231698e-16,0.00030943606396516044,77.97043054811978,1.8225953884443046e-16,77.49137179122033,1.8338628400448674e-16
110,3.1622776601683795,78.50318460861904,78.07690858707308,0.3260932699962653,0.3262466909705416,0.3260932699962653,0.0,0.00047048187862951937,78.50318460861904,0.0,78.07690858707308,0.0
111,3.5481338923357604,78.96511656259692,78.59011063998817,0.3270013234715443,0.3273450101037487,0.32700132347154476,1.3580654816178648e-15,0.0010510252024526522,78.96511656259693,1.7996370212328918e-16,78.5901106399882,3.6164485835374916e-16
112,3.9810717055349776,79.35863381171536,79.03277223217314,0.3278584141570893,0.3283313057685079,0.32785841415708905,6.772576067504602e-16,0.001442365335154264,79.35863381171534,3.5814262500834842e-16,79.03277223217312,3.5961928991823895e-16
113,4.4668359215096345,79.68653293111238,79.407008210922,0.3286562616474224,0.3292013808359145,0.32865626164742245,1.689033732477897e-16,0.001658630161980099,79.68653293111242,5.350033760718526e-16,79.40700821092204,5.368866691509744e-16
114,5.011872336272725,79.95209732344402,79.71535664601393,0.3293852913539405,0.3299510779977107,0.32938529135394057,1.6852953877533161e-16,0.0017177046414077427,79.95209732344401,1.777421129768789e-16,79.71535664601392,1.7826997598852997e-16
115,5.623413251903491,80.15924828628671,79.96093161688339,0.3300346219366554,0.3305762863860421,0.33003462193665545,1.681979633091714e-16,0.0016412352322557225,80.15924828628673,1.7728278419538437e-16,79.9609316168834,1.7772247556207116e-16
116,6.309573444801943,80.31276651708974,80.14764380337984,0.3305920055491256,0.3310729495749605,0.3305920055491258,6.716575149970938e-16,0.0014547962980404946,80.31276651708973,1.7694390731986653e-16,80.14764380337982,1.7730845276081257e-16
117,7.0794578438413875,80.41860427130598,80.28051037740283,0.3310437488082192,0.3314370732892106,0.3310437488082192,0.0,0.0011881344456961878,80.41860427130598,0.0,80.28051037740283,0.0
118,7.943282347242821,80.48431063956875,80.36607892531165,0.3313746623274762,0.3316647318075939,0.3313746623274765,8.3758895205451305e-16,0.0008753520202181074,80.48431063956878,3.531335387549551e-16,80.3660789253117,5.304795843682586e-16
119,8.91250938133746,80.51959167336712,80.41299086873693,0.3315681181450824,0.3317520778237174,0.33156811814508247,1.6742005094400577e-16,0.0005548171508891669,80.51959167336712,0.0,80.41299086873693,0.0
120,10.0,80.5370195314418,80.43270440686182,0.3316063407827954,0.3316953458118497,0.3316063407827956,6.696030130210086e-16,0.0002684056910490946,80.5370195314418,0.0,80.43270440686182,0.0
121,11.220184543019652,80.55288386850971,80.44037886900729,0.331471119855687,0.3314910375089233,0.331471119855687,0.0,6.008865340953499e-05,80.55288386850972,1.7641646124549746e-16,80.4403788690073,1.7666319968909634e-16
122,12.589254117941689,80.58813420157354,80.45588118436652,0.3311452028098625,0.3311363995424364,0.3311452028098625,0.0,2.6584312112585927e-05,80.58813420157351,3.5267858862836243e-16,80.45588118436649,3.5325832011304446e-16
123,14.125375446227554,80.66928061844519,80.50479672157748,0.3306146793325917,0.33062895794419,0.3306146793325917,0.0,4.318807509433735e-05,80.66928061844519,0.0,80.50479672157748,0.0
124,15.848931924611142,80.8289894368357,80.61919640552797,0.3298726437503929,0.329966348502215,0.3298726437503934,1.5145249857680102e-15,0.0002840634214352641,80.82898943683567,3.516276725519912e-16,80.61919640552794,3.525427031973637e-16
125,17.78279410038923,81.10593075283407,80.83772630383464,0.3289242114765234,0.3291463251261634,0.3289242114765234,0.0,0.0006752730321763797,81.10593075283406,1.752135088432536e-16,80.83772630383463,1.7579483447851372e-16
126,19.95262314968883,81.54324465993778,81.20437755845407,0.3277924353243993,0.3281666032009445,0.32779243532439906,6.773939267551594e-16,0.0011414780703378152,81.5432446599378,1.742738441972226e-16,81.20437755845408,1.7500109159721684e-16
127,22.387211385683425,82.18490432663421,81.7651706973798,0.3265237514083896,0.3270513785114362,0.32652375140838963,1.7000647270473427e-16,0.0016158919550897624,82.18490432663421,0.0,81.7651706973798,0.0
128,25.11886431509582,83.06947327373604,82.56215731863556,0.3251904952147104,0.3259175304299252,0.32519049521471044,1.7070348625843448e-16,0.002235720987892788,83.06947327373602,1.710719251628508e-16,82.56215731863554,1.7212310308653231e-16
129,28.18382931264455,84.22152027526381,83.62486192615984,0.3238874759934054,0.3247761509089034,0.3238874759934056,6.855609474987917e-16,0.00274377671681217,84.22152027526383,1.6873187124568901e-16,83.62486192615985,1.699357629762078e-16
130,31.622776601683793,85.64231855822968,84.96064740526543,0.3227206492547139,0.3236092558051493,0.3227206492547139,0.0,0.002753485258806859,85.64231855822968,0.0,84.96064740526543,0.0
131,35.481338923357605,87.30294100795292,86.54705758764483,0.3217891110107544,0.3225983909299926,0.32178911101075425,5.175235829785673e-16,0.002514938795462541,87.30294100795291,1.6277635725819887e-16,86.54705758764482,1.6419801101627168e-16
132,39.81071705534978,89.14337184371993,88.32987413502586,0.3211657028168024,0.3217588858351587,0.3211657028168027,8.642135624133276e-16,0.0018469687552359717,89.14337184371992,1.594157189848675e-16,88.32987413502585,1.6088390088135435e-16
133,44.668359215096345,91.07971489550944,90.22927083904057,0.3208835204422184,0.3211703547979346,0.3208835204422187,8.649735448357761e-16,0.0008938893319314753,91.07971489550947,3.1205312250933813e-16,90.2292708390406,3.1499433793613726e-16
134,50.11872336272725,93.01818566153072,92.1531202298446,0.3209333862974011,0.3208939694288826,0.3209333862974011,0.0,0.0001228194703369597,93.01818566153071,1.5277501505900852e-16,92.15312022984459,1.5420915406616579e-16
135,56.23413251903491,94.87129204949508,94.01309167607606,0.3212720749711966,0.3208913018920944,0.3212720749711966,0.0,0.0011852044070008515,94.87129204949507,1.4979088413582576e-16,94.01309167607604,1.5115825319483997e-16
136,63.09573444801943,96.57075239938308,95.73806193486286,0.3218365403074077,0.3212059766172425,0.3218365403074077,0.0,0.0019592669296125834,96.57075239938308,0.0,95.73806193486287,1.4843474400882084e-16
137,70.79457843841388,98.07376809998088,97.28120670727004,0.3225582958886912,0.321743802400487,0.3225582958886912,0.0,0.002525104759622406,98.07376809998085,2.897993008836943e-16,97.28120670727003,1.4608016487669655e-16
138,79.43282347242821,99.36255299366344,98.62036775865285,0.3233740450146189,0.3224960181440269,0.32337404501461875,5.14987075373489e-16,0.0027152051444084193,99.36255299366343,1.4302022529662922e-16,98.62036775865285,0.0
139,89.12509381337459,100.43937726197272,99.7537364468595,0.3242314474156238,0.3233761119392289,0.3242314474156238,0.0,0.002638039842256584,100.4393772619727,2.829737718929958e-16,99.75373644685949,1.4245937266492635e-16
140,100.0,101.31994866886764,100.69360202663644,0.3250908414323787,0.3243438808107737,0.32509084143237854,5.12267441801844e-16,0.0022976981397373987,101.31994866886762,1.4025722379356617e-16,100.69360202663641,2.822593378165738e-16
141,112.20184543019651,102.02723384831968,101.4603008642128,0.3259244228202871,0.3253399542673748,0.32592442282028733,6.81276361567618e-16,0.0017932640575230106,102.02723384831967,1.3928491618550384e-16,101.4603008642128,0.0
142,125.89254117941688,102.5867390225605,102.07746518601552,0.3267142343296052,0.3263242329624531,0.3267142343296052,0.0,0.0011937079140502426,102.58673902256048,1.385252601905672e-16,102.07746518601552,0.0
143,141.25375446227554,103.02342671755748,102.56882602588892,0.3274498728926336,0.3272644574551971,0.3274498728926336,0.0,0.0005662406761638697,103.02342671755746,2.7587618016553823e-16,102.5688260258889,2.770989055020501e-16
144,158.48931924611142,103.36000231510386,102.95636045991915,0.3281263951735844,0.3281355025143705,0.3281263951735842,5.075283675538341e-16,2.7755587237894526e-05,103.36000231510387,1.37488916378685e-16,102.95636045991917,1.3802794360368129e-16
145,177.82794100389228,103.61617185188908,103.25941686568642,0.3287426086767917,0.3289268069905438,0.3287426086767917,0.0,0.000560311650788006,103.61617185188909,1.3714900349257514e-16,103.2594168656864,1.3762284493322893e-16
146,199.5262314968883,103.80850602576636,103.4944675099426,0.3292997715653367,0.3296283663645318,0.32929977156533696,8.428665311151569e-16,0.0009978591774687572,103.80850602576633,2.7378979351990145e-16,103.49446750994257,2.7462056778710007e-16
147,223.87211385683423,103.9506370735676,103.67521858295652,0.3298006502783153,0.3302435676761668,0.3298006502783155,6.732691543744686e-16,0.0013429852169106428,103.95063707356762,1.3670772123450038e-16,103.67521858295653,1.3707089224828668e-16
148,251.18864315095823,104.05360800468344,103.81289518214108,0.3302488614326377,0.3307721467375096,0.33024886143263754,5.042665490846578e-16,0.0015845181194630508,104.0536080046834,4.097173078677593e-16,103.81289518214106,1.3688910891338572e-16
149,281.8382931264455,104.12626635739296,103.91658938232288,0.3306484267302878,0.3312240887941897,0.3306484267302878,0.0,0.0017410095357006856,104.12626635739294,2.729542739278875e-16,103.91658938232285,2.7350502551461523e-16
150,316.22776601683796,104.17564438755235,103.99360901081602,0.331003481312015,0.3316036476522958,0.33100348131201507,1.6770564167852706e-16,0.0018131722902182063,104.17564438755235,0.0,103.99360901081602,0.0
151,354.81338923357606,104.20729863363772,104.04979629930509,0.3313180895337424,0.3319223158385394,0.3313180895337424,0.0,0.0018237045422037385,104.20729863363773,1.3637101145058176e-16,104.04979629930507,1.36577439078532e-16
152,398.1071705534977,104.22559969625348,104.08980423419786,0.3315961342517084,0.3321855282761243,0.3315961342517082,6.696236234059399e-16,0.0017774454028125176,104.22559969625345,2.726941318949846e-16,104.08980423419784,1.365249442032589e-16
153,446.6835921509635,104.23397254386548,104.11732863611398,0.3318412554000101,0.3324036194635389,0.3318412554000101,0.0,0.0016946779653751684,104.23397254386545,2.7267222707494064e-16,104.11732863611395,2.729777050824727e-16
154,501.18723362727246,104.23509209376324,104.13529905439462,0.3320568209501033,0.3325815769978216,0.33205682095010314,5.015209542068037e-16,0.0015803200374471707,104.23509209376321,2.726692984051634e-16,104.1352990543946,2.7293059787112205e-16
155,562.341325190349,104.23104042660395,104.14603365313036,0.3322459186422051,0.3327276230303433,0.3322459186422051,0.0,0.001449842905841567,104.23104042660395,0.0,104.14603365313035,1.3645123310728083e-16
156,630.9573444801943,104.22343212542808,104.15136375576132,0.3324113606291523,0.3328457359246408,0.33241136062915255,8.3497674577355415e-16,0.0013067402229156456,104.22343212542806,1.363499016046593e-16,104.1513637557613,2.7288850002054643e-16
157,707.9457843841387,104.21351366973366,104.1527334134997,0.3325556957814308,0.3329419955893848,0.33255569578143107,8.346143508506013e-16,0.0011616093570312204,104.21351366973369,2.7272575724177326e-16,104.15273341349973,2.7288491140761684e-16
158,794.3282347242822,104.2022419938601,104.15127872429444,0.3326812261925718,0.3330193387732403,0.3326812261925718,0.0,0.001016326002335939,104.20224199386011,1.3637762914966212e-16,104.15127872429444,0.0
159,891.2509381337459,104.19034645977024,104.1478908972332,0.3327900256408311,0.3330820521417376,0.33279002564083116,1.668053335563882e-16,0.000877509776154176,104.1903464597702,4.0917959863073517e-16,104.14789089723315,4.09346399416511e-16
160,1000.0,104.1783777020924,104.14326635270317,0.3328839585825298,0.3331322024291648,0.33288395858252984,1.667582645545093e-16,0.0007457368858866779,104.17837770209239,1.3640886937056405e-16,104.14326635270315,1.3645485889672353e-16
161,1122.0184543019652,104.16674611838816,104.13794652347352,0.3329646987995971,0.3331727151564497,0.3329646987995969,6.668713101585414e-16,0.000624739972744085,104.16674611838815,1.364241012102942e-16,104.13794652347352,0.0
162,1258.9254117941662,104.15575220742944,104.13234949201498,0.3330337471857485,0.3332050005159507,0.3330337471857485,0.0,0.0005142221521072015,104.15575220742944,0.0,104.13234949201498,0.0
163,1412.5375446227554,104.14561049468348,104.12679516275476,0.3330924483923441,0.3332310095820626,0.3330924483923443,6.666155477157155e-16,0.0004159841821303289,104.14561049468351,2.72903575056146e-16,104.12679516275479,2.729528877363374e-16
164,1584.8931924611177,104.13646841303112,104.12152531462178,0.3331420062073411,0.3332516853170025,0.33314200620734113,1.6662909569172962e-16,0.00032922629874871615,104.1364684130311,2.7292753310661977e-16,104.12152531462176,1.3648335127881935e-16
165,1778.2794100389228,104.1284212125396,104.11671959665294,0.333183497636855,0.3332683070797813,0.3331834976368553,8.330417266307824e-16,0.0002545427475475647,104.12842121253958,2.729486253555273e-16,104.11671959665291,2.7297930188839424e-16
166,1995.262314968883,104.1215237414399,104.11250830518956,0.3332178857175552,0.3332814973926302,0.3332178857175554,6.663646053898871e-16,0.00019090114246962065,104.12152374143993,2.7296670668191814e-16,104.11250830518959,2.72990343745155e-16
167,2238.7211385683377,104.11579975876788,104.10898260412232,0.3332460311222522,0.3332920842815654,0.33324603112225226,1.6657708133632177e-16,0.00013819567230275394,104.11579975876788,0.0,104.10898260412232,0.0
168,2511.886431509582,104.11124929697256,104.10620271023654,0.3332687026391472,0.3333004757825374,0.333268702639147,6.662629978952879e-16,9.533791543824126e-05,104.11124929697257,1.3649682249673318e-16,104.10620271023657,2.7300687846152086e-16
169,2818.3829312644607,104.10785448168858,104.10420445612706,0.3332865866130892,0.3333072020448037,0.3332865866130892,0.0,6.18549696943893e-05,104.10785448168858,0.0,104.10420445612706,0.0
170,3162.2776601683795,104.10558412904,104.10300455704416,0.3333002954386175,0.3333125298489293,0.3333002954386175,0.0,3.670686908838208e-05,104.10558412903998,1.3650425031559783e-16,104.10300455704414,1.365076327591971e-16
171,3548.1338923357603,104.104397372951,104.10260484035936,0.3333103751921227,0.3333167952705331,0.3333103751921227,0.0,1.9261561860160174e-05,104.104397372951,0.0,104.10260484035935,1.3650815689957283e-16
172,3981.071705534969,104.1042465217946,104.1029956430976,0.3333173124857851,0.3333201730459997,0.3333173124857851,0.0,8.58209312098768e-06,104.10424652179461,1.365060042217097e-16,104.10299564309761,1.3650764444783038e-16
173,4466.835921509635,104.10507930205176,104.10415854104431,0.3333215406201297,0.3333228740303082,0.33332154062012953,4.99618036637973e-16,4.000372061704493e-06,104.10507930205179,2.730098245056891e-16,104.10415854104436,4.0951835875795097e-16
174,5011.872336272735,104.10684061394022,104.10606853984062,0.3333234451057516,0.3333250133663694,0.3333234451057516,0.0,4.7049214232721965e-06,104.10684061394024,1.3650260282031002e-16,104.10606853984063,1.365036151544193e-16
175,5623.413251903491,104.10947389823625,104.10869583231832,0.3333233686184513,0.3333267217408453,0.33332336861845113,4.996152966532663e-16,1.0059667907736366e-05,104.10947389823623,1.36499150203109e-16,104.10869583231829,2.7300034068413625e-16
176,6309.573444801943,104.11292219322272,104.1120072055968,0.3333216154459133,0.333328075826961,0.3333216154459133,0.0,1.9381824485149895e-05,104.11292219322274,2.7298925850583923e-16,104.11200720559683,2.729916576699726e-16
177,7079.457843841374,104.11712894466793,104.11596716500796,0.3333184554783417,0.3333291553369219,0.3333184554783417,0.0,3.2101008523079164e-05,104.11712894466793,0.0,104.115967165008,4.0947191200788512e-16
178,7943.282347242822,104.12203861904742,104.12053882881546,0.3333141277901477,0.3333300121045958,0.3333141277901477,0.0,4.765568910448612e-05,104.12203861904739,2.729653568769516e-16,104.12053882881543,2.7296928876954946e-16
179,8912.509381337477,104.12759716015375,104.12568463724844,0.3333088438549436,0.333330693650353,0.33330884385494364,1.6654568954496851e-16,6.55542023927717e-05,104.12759716015377,1.3647539271788779e-16,104.12568463724845,1.364778994223142e-16
180,10000.0,104.13375232123018,104.13136691101596,0.3333027904317149,0.3333312357138176,0.33330279043171496,1.6654871433676344e-16,8.534366623759279e-05,104.13375232123016,1.364673258999117e-16,104.13136691101593,2.729409041052097e-16
181,11220.184543019654,104.1404538983852,104.13754828777016,0.3332961321560608,0.3333316656407726,0.3332961321560608,0.0,0.00010661235245047705,104.14045389838522,1.3645854404541206e-16,104.13754828777019,2.7292470293101594e-16
182,12589.254117941662,104.14765388595224,104.14419205961164,0.3332890138668654,0.3333320086694964,0.33328901386686516,6.662223946383325e-16,0.000129001559734676,104.14765388595225,1.3644911032526684e-16,104.14419205961165,1.3645364598985775e-16
183,14125.375446227554,104.15530657038192,104.15126243039464,0.3332815626955498,0.3333322796239721,0.33328156269554965,4.99677967022438e-16,0.0001521744197676659,104.15530657038192,0.0,104.15126243039465,1.3644438275243436e-16
184,15848.931924611174,104.1633685759904,104.15872470809786,0.3332738899422316,0.3333324968147306,0.3332738899422316,0.0,0.00017585197721050767,104.1633685759904,0.0,104.15872470809786,0.0
185,17782.794100389227,104.171798873265,104.16654544469772,0.3332660927605602,0.3333326673958081,0.3332660927605604,6.662682155443947e-16,0.0001997642025212123,104.17179887326496,4.092524522637133e-16,104.16654544469769,2.7284872805437493e-16
186,19952.62314968883,104.18055875831966,104.17469253368952,0.3332582556707308,0.3333328050365662,0.3332582556707311,8.32854854856236e-16,0.0002236984817827776,104.18055875831969,2.7281202720689283e-16,104.17469253368955,2.7282738963892383e-16
187,22387.21138568338,104.18961181039734,104.18313527354194,0.3332504519181534,0.3333329122824868,0.3332504519181536,6.662994863081701e-16,0.00024744261818265573,104.18961181039732,1.363941612630509e-16,104.18313527354192,1.3640264019594114e-16
188,25118.864315095823,104.19892383294446,104.19184440385352,0.3332427446934443,0.3333329996306913,0.3332427446934445,6.663148964557167e-16,0.00027083841639168776,104.19892383294444,1.3638197202482983e-16,104.19184440385352,0.0
