utc,commit,tag,input,beta,M_Mp,phi_init_Mp,shard,serial,variant,network,lowT_rtol,lowT_atol,wall_clock_limit,status,failure_stage,t_reached,t_target,Yp,DOverH,He3OverH,Li7OverH,wall_s,failure_reason
2026-10-03T21:21:39+00:00,086bae5,R03,SM,,,,,,SM,small,,,none,ok,,,,0.24688021169088586,2.4582878928660548,1.0419326951489363,5.48637300688257,39.22077391599305,
2026-10-03T21:21:41+00:00,086bae5,R03,beta=1.05 M=0.01,1.05,0.01,5.0,0004,1675,prod,small,,,600.0,ok,,,,0.28390817855299616,3.6017430826164087,1.1945474898343524,4.034664467786316,38.911522749986034,
2026-10-03T21:21:42+00:00,086bae5,R03,beta=1.345 M=0.001,1.345,0.001,5.0,0000,660,prod,small,,,600.0,ok,,,,0.2525548489971555,2.7557260845632268,1.0840976294823714,4.9019625600991965,40.794787250008085,
2026-10-03T21:21:46+00:00,086bae5,R03,beta=2.09 M=1e-05,2.09,1e-05,5.0,0012,2130,prod,small,,,600.0,ok,,,,0.24600461586212272,2.49048579258315,1.0429835029409031,5.399821326365512,43.8811539169983,
2026-10-03T21:21:46+00:00,086bae5,R03,beta=2.4 M=1e-05,2.4,1e-05,5.0,0011,2076,prod,small,,,600.0,ok,,,,0.24682385137296423,2.4635711185249742,1.0425314664896257,5.469772038169292,44.31756412499817,
2026-10-03T21:21:47+00:00,086bae5,R03,beta=1.6 M=1e-05,1.6,1e-05,5.0,0011,2022,prod,small,,,600.0,ok,,,,0.24688073847318026,2.4608695307411645,1.042040387966221,5.482892963165554,44.90220291601145,
2026-10-03T21:21:47+00:00,086bae5,R03,beta=2.12 M=1e-05,2.12,1e-05,5.0,0015,1940,prod,small,,,600.0,ok,,,,0.24687896154105823,2.4642403339014267,1.0420739435134463,5.480617450172969,45.400865083007375,
2026-10-03T21:21:47+00:00,086bae5,R03,beta=2.89 M=0.001,2.89,0.001,5.0,0012,357,prod,small,,,600.0,ok,,,,0.24683479935607083,2.4772824694468247,1.0434586492931754,5.452286559729643,45.53589704200567,
2026-10-03T21:22:23+00:00,086bae5+dirty,R03,beta=1.1 M=0.03,1.1,0.03,5.0,0009,1684,prod,small,,,600.0,ok,,,,0.271883537351727,2.823581719291809,1.0948192896472624,5.239905223312506,36.245195582989254,
2026-10-03T21:22:24+00:00,086bae5+dirty,R03,beta=1.7 M=0.03,1.7,0.03,5.0,0005,1666,prod,small,,,600.0,ok,,,,0.24823202145458242,2.455315714906286,1.0406463588542119,5.545908830051206,37.61748100000841,
2026-10-03T21:22:27+00:00,086bae5+dirty,R03,beta=1.05 M=0.5,1.05,0.5,5.0,0004,1670,prod,small,,,600.0,ok,,,,0.28507368516909287,3.648182935391189,1.2003500278314547,3.9870435222333875,33.679647583005135,
2026-10-03T21:22:27+00:00,086bae5+dirty,R03,beta=2.1 M=0.1,2.1,0.1,5.0,0013,1595,prod,small,,,600.0,ok,,,,0.24661778787215033,2.4959126087991153,1.0440036265572734,5.413520600369151,38.13999708299525,
2026-10-03T21:22:30+00:00,086bae5+dirty,R03,beta=1.2 M=0.001,1.2,0.001,5.0,0003,161,prod,small,,,600.0,ok,,,,0.25671377602976314,2.6012559126805233,1.0636773804971824,5.378909761572427,36.126976790998015,
2026-10-03T21:22:30+00:00,086bae5+dirty,R03,beta=2 M=0.5,2.0,0.5,5.0,0003,1844,prod,small,,,600.0,ok,,,,0.24924596397727458,2.5628660300322026,1.0552430520063525,5.291678978046574,36.75090508299763,
2026-10-03T21:22:32+00:00,086bae5+dirty,R03,beta=2 M=1e-05,2.0,1e-05,5.0,0003,1938,prod,small,,,600.0,ok,,,,0.24667265626028334,2.4635003593143803,1.0427252635365614,5.465757164348482,38.319438082995475,
2026-10-03T21:22:32+00:00,086bae5+dirty,R03,beta=1.6 M=0.001,1.6,0.001,5.0,0011,93,prod,small,,,600.0,ok,,,,0.24688971029506177,2.4609141011473543,1.0423995986909247,5.478212408246507,38.831004417006625,
2026-10-03T21:23:02+00:00,086bae5+dirty,R03,beta=1.05 M=1e-05,1.05,1e-05,5.0,0004,2144,prod,small,,,600.0,ok,,,,0.283737870905818,3.5996627446595526,1.1942731012570464,4.034668932919856,31.53155295799661,
