part,index,beta,M_Mp,phi_init_Mp,shard,serial,stored_failure,stored_reason
phi5,0,1,1e-05,5,0015,1973,0,
phi5,10,1.1,1e-05,5,0009,1932,0,
phi5,20,1.2,1e-05,5,0003,1873,0,
phi5,30,1.3,1e-05,5,0013,2054,0,
phi5,40,1.4,1e-05,5,0007,2052,0,
phi5,50,1.5,1e-05,5,0001,2152,0,
phi5,60,1.6,1e-05,5,0011,2022,1,PRyMordial: PRyMSolverFailureError: solve_ivp failed in stage 'low-T nuclear network (full
phi5,70,1.7,1e-05,5,0005,1882,0,
phi5,80,1.8,1e-05,5,0015,1931,0,
phi5,90,1.9,1e-05,5,0009,2117,0,
phi5,100,2,1e-05,5,0003,1938,0,
phi5,110,2.1,1e-05,5,0013,1947,0,
phi5,120,2.2,1e-05,5,0007,1969,0,
phi5,130,2.3,1e-05,5,0001,2136,0,
phi5,140,2.4,1e-05,5,0011,2076,1,PRyMordial: PRyMSolverFailureError: solve_ivp failed in stage 'low-T nuclear network (full
phi5,150,2.5,1e-05,5,0005,1957,0,
phi5,160,2.6,1e-05,5,0015,2177,0,
phi5,170,2.7,1e-05,5,0009,1919,0,
phi5,180,2.8,1e-05,5,0003,2179,0,
phi5,190,2.9,1e-05,5,0013,1960,0,
phi5,200,3,1e-05,5,0007,2215,0,
phi5,210,0.95,0.001,5,0013,1421,1,"PRyMordial output: Yp_BBN=0.5120499968 is outside (0, 0.5)"
phi5,220,1.09,0.001,5,0008,46,0,
phi5,230,1.145,0.001,5,0012,597,0,
phi5,240,1.195,0.001,5,0001,457,0,
phi5,250,1.245,0.001,5,0006,437,0,
phi5,260,1.295,0.001,5,0011,520,0,
phi5,270,1.345,0.001,5,0000,660,1,PRyMordial: PRyMSolverFailureError: solve_ivp failed in stage 'low-T nuclear network (full
phi5,280,1.395,0.001,5,0005,698,0,
phi5,290,1.445,0.001,5,0010,514,0,
phi5,300,1.495,0.001,5,0015,641,0,
phi5,310,1.545,0.001,5,0004,518,0,
phi5,320,1.595,0.001,5,0009,718,0,
phi5,330,1.645,0.001,5,0014,420,0,
phi5,340,1.695,0.001,5,0003,539,0,
phi5,350,1.79,0.001,5,0014,105,0,
phi5,360,1.89,0.001,5,0008,269,0,
phi5,370,1.99,0.001,5,0002,187,0,
phi5,380,2.09,0.001,5,0012,231,0,
phi5,390,2.19,0.001,5,0006,54,0,
phi5,400,2.29,0.001,5,0000,384,0,
phi5,410,2.39,0.001,5,0010,149,0,
phi5,420,2.49,0.001,5,0004,12,0,
phi5,430,2.59,0.001,5,0014,174,0,
phi5,440,2.69,0.001,5,0008,56,0,
phi5,450,2.79,0.001,5,0002,292,0,
phi5,460,2.89,0.001,5,0012,357,1,PRyMordial: PRyMSolverFailureError: solve_ivp failed in stage 'low-T nuclear network (full
phi5,470,2.99,0.001,5,0006,97,0,
phi5,480,5.5,0.001,5,0012,768,0,
phi5,490,10.5,0.001,5,0006,778,0,
phi5,500,15.5,0.001,5,0000,832,0,
phi5,510,20.5,0.001,5,0010,814,0,
phi5,520,1,0.01,5,0015,1745,0,
phi5,530,1.5,0.01,5,0001,1643,0,
phi5,540,2,0.01,5,0003,1602,0,
phi5,550,2.5,0.01,5,0005,1664,0,
phi5,560,3,0.01,5,0007,1583,0,
phi5,570,1.45,0.03,5,0012,1543,0,
phi5,580,1.95,0.03,5,0014,1505,0,
phi5,590,2.45,0.03,5,0000,1590,0,
phi5,600,2.95,0.03,5,0002,1466,0,
phi5,610,1.4,0.1,5,0007,1726,0,
phi5,620,1.9,0.1,5,0009,1769,0,
phi5,630,2.4,0.1,5,0011,1507,0,
phi5,640,2.9,0.1,5,0013,1820,0,
phi5,650,1.35,0.5,5,0002,1469,0,
phi5,660,1.85,0.5,5,0004,1673,0,
phi5,670,2.35,0.5,5,0006,1798,0,
phi5,680,2.85,0.5,5,0008,1695,0,
phiN5,0,0.5,0.001,1,0004,896,0,
phiN5,1,0.55,0.001,1,0005,941,0,
phiN5,2,0.6,0.001,1,0006,1041,0,
phiN5,3,0.65,0.001,1,0007,861,0,
phiN5,4,0.7,0.001,1,0008,1024,0,
phiN5,5,0.75,0.001,1,0009,962,0,
phiN5,6,0.8,0.001,1,0010,1001,0,
phiN5,7,0.85,0.001,1,0011,1061,0,
phiN5,8,0.9,0.001,1,0012,981,0,
phiN5,9,0.95,0.001,1,0013,921,0,
phiN5,10,1,0.001,1,0015,901,0,
phiN5,11,1.05,0.001,1,0004,897,0,
phiN5,12,1.1,0.001,1,0009,961,0,
phiN5,13,0.5,0.001,2,0004,1082,0,
phiN5,14,0.55,0.001,2,0005,1102,0,
phiN5,15,0.6,0.001,2,0006,1062,0,
phiN5,16,0.65,0.001,2,0007,1162,0,
phiN5,17,0.7,0.001,2,0008,1122,0,
phiN5,18,0.75,0.001,2,0009,1223,0,
phiN5,19,0.8,0.001,2,0010,1202,0,
phiN5,20,0.85,0.001,2,0011,1182,0,
phiN5,21,0.9,0.001,2,0012,1280,0,
phiN5,22,0.95,0.001,2,0013,1242,0,
phiN5,23,1,0.001,2,0015,1152,0,
phiN5,24,1.05,0.001,2,0004,1083,0,
phiN5,25,1.1,0.001,2,0009,1222,0,
