commit,setting,input,repeat,status,Yp,DOverH,wall_s,load1
893a5b1,full:default,SM,0,ok,0.2468872957941561,2.4622510650783114,7.622945500013884,8.0244140625
893a5b1,full:default,control,0,ok,0.24689483901116643,2.4615119456330077,8.859661959009827,8.0244140625
893a5b1,small:default,SM,0,ok,0.2468818825691892,2.4579769989623,5.0863914159999695,7.37890625
893a5b1,small:default,control,0,ok,0.24688599061985433,2.4607524230812983,6.3040715839888435,7.37890625
893a5b1,small:1e-4,SM,0,ok,0.24687996393089726,2.457652507394133,5.792717415999505,8.7294921875
893a5b1,small:1e-4,control,0,ok,0.24688880980643854,2.459872646024924,6.912957249995088,8.7294921875
893a5b1,small:1e-5,SM,0,ok,0.24688026839146177,2.457881437404021,7.231291584001156,7.90966796875
893a5b1,small:1e-5,control,0,ok,0.24688969623479054,2.4606966937606334,8.275188540996169,7.90966796875
893a5b1,small:1e-6,SM,0,ok,0.24688021169088586,2.4582878928660548,9.153580500002136,8.130859375
893a5b1,small:1e-6,control,0,ok,0.24688971029506177,2.4609141011473543,9.97603891599283,8.130859375
893a5b1,small:1e-8,SM,0,ok,0.24688023143050172,2.4582239060820337,11.968564249997144,6.53076171875
893a5b1,small:1e-8,control,0,ok,0.24688974320773707,2.4609552926195053,12.992454832987278,6.53076171875
893a5b1,full:default,SM,1,ok,0.2468872957941561,2.4622510650783114,7.6113927499973215,5.9677734375
893a5b1,full:default,control,1,ok,0.24689483901116643,2.4615119456330077,8.85839470900828,5.9677734375
893a5b1,small:default,SM,1,ok,0.2468818825691892,2.4579769989623,5.090540958000929,5.4384765625
893a5b1,small:default,control,1,ok,0.24688599061985433,2.4607524230812983,6.232473707990721,5.4384765625
893a5b1,small:1e-4,SM,1,ok,0.24687996393089726,2.457652507394133,5.7444912909995764,5.27783203125
893a5b1,small:1e-4,control,1,ok,0.24688880980643854,2.459872646024924,6.938189333988703,5.27783203125
893a5b1,small:1e-5,SM,1,ok,0.24688026839146177,2.457881437404021,7.08601825000369,6.5810546875
893a5b1,small:1e-5,control,1,ok,0.24688969623479054,2.4606966937606334,8.289799917009077,6.5810546875
893a5b1,small:1e-6,SM,1,ok,0.24688021169088586,2.4582878928660548,8.787045791003038,9.39306640625
893a5b1,small:1e-6,control,1,ok,0.24688971029506177,2.4609141011473543,10.087557375009055,9.39306640625
893a5b1,small:1e-8,SM,1,ok,0.24688023143050172,2.4582239060820337,11.79040550001082,7.71826171875
893a5b1,small:1e-8,control,1,ok,0.24688974320773707,2.4609552926195053,12.949631875002524,7.71826171875
893a5b1,full:default,SM,2,ok,0.2468872957941561,2.4622510650783114,7.54987129100482,7.59716796875
893a5b1,full:default,control,2,ok,0.24689483901116643,2.4615119456330077,9.061841957998695,7.59716796875
893a5b1,small:default,SM,2,ok,0.2468818825691892,2.4579769989623,5.081068416999187,6.634765625
893a5b1,small:default,control,2,ok,0.24688599061985433,2.4607524230812983,6.3036497499997495,6.634765625
893a5b1,small:1e-4,SM,2,ok,0.24687996393089726,2.457652507394133,5.7352702079952,6.0625
893a5b1,small:1e-4,control,2,ok,0.24688880980643854,2.459872646024924,6.911486791999778,6.0625
893a5b1,small:1e-5,SM,2,ok,0.24688026839146177,2.457881437404021,7.122715332996449,5.3408203125
893a5b1,small:1e-5,control,2,ok,0.24688969623479054,2.4606966937606334,8.235602583008585,5.3408203125
893a5b1,small:1e-6,SM,2,ok,0.24688021169088586,2.4582878928660548,8.734292667009868,4.65380859375
893a5b1,small:1e-6,control,2,ok,0.24688971029506177,2.4609141011473543,10.045474792001187,4.65380859375
893a5b1,small:1e-8,SM,2,ok,0.24688023143050172,2.4582239060820337,11.845256874992629,4.17626953125
893a5b1,small:1e-8,control,2,ok,0.24688974320773707,2.4609552926195053,12.9350598329911,4.17626953125
