beta,M_Mp,config,lowT_rtol,lowT_atol,variant,status,Yp,DOverH,wall_s,tightened,failure_reason
1.6,1e-05,base,1e-05,,prod,ok,0.24688637945587202,2.461729710432978,29.792990624991944,,
1.6,0.001,highT,1e-05,,prod,ok,0.24689016049634033,2.4616378955689813,29.84702583300532,high-T n <-> p,
1.6,0.001,base,1e-05,,prod,ok,0.2468928612042104,2.4616323614840696,29.92557887500152,,
1.6,1e-05,aT,1e-05,,prod,ok,0.24688647690417503,2.46281449984502,30.34946399999899,a(T),
1.6,0.001,aT,1e-05,,prod,ok,0.24688833899571544,2.462733124786816,30.519717416987987,a(T),
1.6,1e-05,thermo,1e-05,,prod,ok,0.2468837260588057,2.461617577480068,35.94005025000661,thermodynamics (no NP),
1.6,0.001,thermo,1e-05,,prod,ok,0.24689114184336244,2.4618293337524486,37.24364266698831,thermodynamics (no NP),
1.6,0.001,midT,1e-05,,prod,ok,0.24689485002166817,2.4615946633428702,62.69054558299831,mid-T nuclear network (full),
1.6,0.001,base,1e-05,,pert12,ok,0.24689069824581467,2.461773161931913,39.34092366701225,,
1.6,1e-05,base,1e-05,,pert12,ok,0.246890159133172,2.4615337637558303,39.63869029098714,,
1.6,1e-05,aT,1e-05,,pert12,ok,0.24688295317297276,2.462618720584897,40.09569608300808,a(T),
1.6,0.001,aT,1e-05,,pert12,ok,0.24688443366860519,2.4627627622231434,40.02014349999081,a(T),
1.6,0.001,highT,1e-05,,pert12,ok,0.24689073956570992,2.461696012339996,41.146308708994184,high-T n <-> p,
1.6,0.001,all,1e-05,,prod,ok,0.24688459145652983,2.462673364120021,73.47892595799931,a(T);high-T n <-> p;mid-T nuclear network (full);thermodynamics (no NP),
1.6,0.001,thermo,1e-05,,pert12,ok,0.24689181195024823,2.461637174833454,47.11512995799421,thermodynamics (no NP),
1.6,1e-05,thermo,1e-05,,pert12,FAILURE,,,48.61230091600737,thermodynamics (no NP),"PRyMordial: PRyMSolverFailureError: solve_ivp failed in stage 'low-T nuclear network (full)': status=-1, message='Required step size is less than spacing between numbers.'; t reached 1.28446e+06 of target 1.31565e+06"
1.6,0.001,base,1e-05,,pert9,ok,0.24688768268912925,2.46165524321568,35.641241833000095,,
1.6,1e-05,base,1e-05,,pert9,ok,0.24688720632990924,2.461686294357911,35.52833099999407,,
1.6,1e-05,aT,1e-05,,pert9,ok,0.24688151044579382,2.4626889210896277,35.78592733400001,a(T),
1.6,0.001,aT,1e-05,,pert9,ok,0.2468861966193071,2.4626990846106964,36.3610467499966,a(T),
1.6,0.001,highT,1e-05,,pert9,ok,0.2468876781041024,2.4615976778650164,36.565763333012,high-T n <-> p,
1.6,0.001,thermo,1e-05,,pert9,ok,0.2468946078946584,2.4616444056251687,44.803387334002764,thermodynamics (no NP),
1.6,1e-05,thermo,1e-05,,pert9,ok,0.2468799563180935,2.4616485393664376,45.14679074999003,thermodynamics (no NP),
1.6,0.001,midT,1e-05,,pert12,ok,0.2468911772644289,2.4617550611749186,70.67022200000065,mid-T nuclear network (full),
1.6,1e-05,highT,1e-05,,prod,ok,0.24688712970850996,2.461714924135895,40.74730533300317,high-T n <-> p,
2.0,1e-05,base,1e-05,,prod,ok,0.24667213883906677,2.4641039574539483,40.39992762499605,,
1.6,0.001,all,1e-05,,pert12,ok,0.246884567198317,2.4627504875500317,80.70565320800233,a(T);high-T n <-> p;mid-T nuclear network (full);thermodynamics (no NP),
2.0,1e-05,thermo,1e-05,,prod,ok,0.24667463729590983,2.464217300189936,47.5630744999944,thermodynamics (no NP),
2.0,1e-05,aT,1e-05,,prod,ok,0.246671415151686,2.4652075043821737,41.79059979200247,a(T),
2.0,1e-05,highT,1e-05,,prod,ok,0.24668277342041156,2.4642807514258904,42.25164262500766,high-T n <-> p,
1.6,1e-05,midT,1e-05,,prod,ok,0.24689014658728575,2.4616956128900065,77.53939954200177,mid-T nuclear network (full),
1.6,1e-05,highT,1e-05,,pert12,ok,0.24688649465179718,2.4615049557779134,45.06861720800225,high-T n <-> p,
2.0,1e-05,base,1e-05,,pert12,ok,0.24667418344622033,2.4643700203960397,44.55062391600222,,
1.6,1e-05,all,1e-05,,prod,ok,0.2468782622291801,2.462685297132809,90.69837083299353,a(T);high-T n <-> p;mid-T nuclear network (full);thermodynamics (no NP),
2.0,1e-05,thermo,1e-05,,pert12,ok,0.24667679681116508,2.464241526304254,60.77202974999091,thermodynamics (no NP),
1.6,0.001,midT,1e-05,,pert9,ok,0.2468908204455749,2.461622049579521,89.30707258399343,mid-T nuclear network (full),
2.0,1e-05,highT,1e-05,,pert12,ok,0.24667480656872334,2.464282938878851,60.313310332989204,high-T n <-> p,
2.0,1e-05,aT,1e-05,,pert12,ok,0.24667476421038784,2.465449601455165,61.965090416997555,a(T),
1.6,1e-05,highT,1e-05,,pert9,ok,0.24688708822792807,2.461634686734354,59.92874049999227,high-T n <-> p,
2.0,1e-05,base,1e-05,,pert9,ok,0.24668302830800326,2.464404810210598,60.252009874995565,,
1.6,0.001,all,1e-05,,pert9,ok,0.2468846801488973,2.4627317459630897,120.4425335410051,a(T);high-T n <-> p;mid-T nuclear network (full);thermodynamics (no NP),
2.0,1e-05,thermo,1e-05,,pert9,ok,0.24667812321326602,2.464275620806329,78.42380870900524,thermodynamics (no NP),
2.0,1e-05,highT,1e-05,,pert9,ok,0.24668671026219632,2.4643886046901304,69.20310199999949,high-T n <-> p,
1.6,1e-05,midT,1e-05,,pert12,ok,0.2468915184453726,2.461486446695906,119.45631125000364,mid-T nuclear network (full),
2.0,1e-05,aT,1e-05,,pert9,ok,0.24668045968766408,2.4654515613908905,71.17566295900906,a(T),
1.6,1e-05,all,1e-05,,pert12,ok,0.24687829787085325,2.462633213860119,134.3851574589935,a(T);high-T n <-> p;mid-T nuclear network (full);thermodynamics (no NP),
2.0,1e-05,midT,1e-05,,prod,ok,0.24667736883147628,2.46414607223003,120.22387170798902,mid-T nuclear network (full),
2.0,1e-05,all,1e-05,,prod,ok,0.24667202971751676,2.4653699799199615,124.93215341700125,a(T);high-T n <-> p;mid-T nuclear network (full);thermodynamics (no NP),
1.6,1e-05,midT,1e-05,,pert9,ok,0.24689008400259999,2.4616805599718745,91.08022074999462,mid-T nuclear network (full),
1.6,1e-05,all,1e-05,,pert9,ok,0.24687826951163988,2.462729136818718,91.04737620799278,a(T);high-T n <-> p;mid-T nuclear network (full);thermodynamics (no NP),
2.0,1e-05,midT,1e-05,,pert12,ok,0.2466790797796519,2.4643518320005007,78.62511858300422,mid-T nuclear network (full),
2.0,1e-05,all,1e-05,,pert12,ok,0.24667214200565146,2.4652920584468765,80.10736008299864,a(T);high-T n <-> p;mid-T nuclear network (full);thermodynamics (no NP),
2.0,1e-05,midT,1e-05,,pert9,ok,0.24667969349265853,2.464300172910875,71.96152566600358,mid-T nuclear network (full),
2.0,1e-05,all,1e-05,,pert9,ok,0.24667207353842344,2.46527818500175,65.53808137500891,a(T);high-T n <-> p;mid-T nuclear network (full);thermodynamics (no NP),
